{"cameraMode":{"drawMode":0,"name":"Shaded","section":"Shading Mode"},"sceneLighting":false,"audioPlay":false,"sceneViewState":{"m_AlwaysRefresh":false,"showFog":true,"showSkybox":false,"showFlares":true,"showImageEffects":true,"showParticleSystems":true,"showVisualEffectGraphs":true,"m_FxEnabled":true},"in2DMode":false,"pivot":{"x":1.7011699676513672,"y":0.6539999842643738,"z":31.175439834594728},"rotation":{"x":-0.20218272507190705,"y":0.14250577986240388,"z":-0.029750144109129907,"w":-0.9684685468673706},"size":0.40602636337280276,"orthographic":false}